2022/09/17 13:30:47,192.168.56.101,21,tcp,vsftpd,2.34,VSFTPD v2.3.4 Backdoor Command Execution,This module exploits a malicious backdoor that was added to the VSFTPD download archive. This backdoor was introduced into the vsftpd-2.3.4.tar.gz archive between June 30th 2011 and July 1st 2011 according to the most recent information available. This backdoor was removed on July 3rd 2011.,shell,exploit/unix/ftp/vsftpd_234_backdoor,0,payload/cmd/unix/interact,[OSVDB]@73573@@[URL]@http://pastebin.com/AetT9sS5@@[URL]@http://scarybeastsecurity.blogspot.com/2011/07/alert-vsftpd-download-backdoored.html@@
2022/09/19 01:59:30,192.168.56.101,5900,tcp,vnc,3.3,VNC Keyboard Remote Code Execution,This module exploits VNC servers by sending virtual keyboard keys and executing a payload. On Windows systems a command prompt is opened and a PowerShell or CMDStager payload is typed and executed. On Unix/Linux systems a xterm terminal is opened and a payload is typed and executed.,shell,exploit/multi/vnc/vnc_keyboard_exec,0,payload/generic/shell_bind_tcp,[URL]@http://www.jedi.be/blog/2010/08/29/sending-keystrokes-to-your-virtual-machines-using-X-vnc-rdp-or-native/@@
2022/09/19 01:59:56,192.168.56.101,6697,tcp,irc,0.0,Xdh / LinuxNet Perlbot / fBot IRC Bot Remote Code Execution,This module allows remote command execution on an IRC Bot developed by xdh. This perl bot was caught by Conor Patrick with his shellshock honeypot server and is categorized by Markus Zanke as an fBot (Fire & Forget - DDoS Bot). Matt Thayer also found this script which has a description of LinuxNet perlbot. The bot answers only based on the servername and nickname in the IRC message which is configured on the perl script thus you need to be an operator on the IRC network to spoof it and in order to exploit this bot or have at least the same ip to the config.,shell,exploit/multi/misc/xdh_x_exec,0,payload/cmd/unix/bind_perl_ipv6,[URL]@https://conorpp.com/blog/a-close-look-at-an-operating-botnet/@@[URL]@https://twitter.com/MrMookie/status/673389285676965889@@[URL]@https://www.alienvault.com/open-threat-exchange/blog/elasticzombie-botnet-exploiting-elasticsearch-vulnerabilities@@
2022/09/19 02:00:15,192.168.56.101,6667,tcp,irc,0.0,PHP IRC Bot pbot eval() Remote Code Execution,"This module allows remote command execution on the PHP IRC bot pbot by abusing the usage of eval() in the implementation of the .php command. In order to work, the data to connect to the IRC server and channel where find pbot must be provided. The module has been successfully tested on the version of pbot analyzed by Jay Turla, and published on Infosec Institute, running over Ubuntu 10.04 and Windows XP SP3.",shell,exploit/multi/misc/pbot_exec,0,payload/cmd/unix/bind_perl_ipv6,[OSVDB]@84913@@[EDB]@20168@@[URL]@http://resources.infosecinstitute.com/pbot-analysis/@@
2022/09/19 02:01:17,192.168.56.101,32953,tcp,rpc,0.0,AIX Calendar Manager Service Daemon (rpc.cmsd) Opcode 21 Buffer Overflow,"This module exploits a buffer overflow vulnerability in opcode 21 handled by rpc.cmsd on AIX. By making a request with a long string passed to the first argument of the ""rtable_create"" RPC, a stack based buffer overflow occurs. This leads to arbitrary code execution. NOTE: Unsuccessful attempts may cause inetd/portmapper to enter a state where further attempts are not possible.",shell,exploit/aix/rpc_cmsd_opcode21,0,payload/aix/ppc/shell_bind_tcp,[CVE]@2009-3699@@[OSVDB]@58726@@[BID]@36615@@[URL]@http://labs.idefense.com/intelligence/vulnerabilities/display.php?id=825@@[URL]@http://aix.software.ibm.com/aix/efixes/security/cmsd_advisory.asc@@
2022/09/19 02:01:38,192.168.56.101,35791,tcp,rpc,0.0,AIX Calendar Manager Service Daemon (rpc.cmsd) Opcode 21 Buffer Overflow,"This module exploits a buffer overflow vulnerability in opcode 21 handled by rpc.cmsd on AIX. By making a request with a long string passed to the first argument of the ""rtable_create"" RPC, a stack based buffer overflow occurs. This leads to arbitrary code execution. NOTE: Unsuccessful attempts may cause inetd/portmapper to enter a state where further attempts are not possible.",shell,exploit/aix/rpc_cmsd_opcode21,0,payload/aix/ppc/shell_bind_tcp,[CVE]@2009-3699@@[OSVDB]@58726@@[BID]@36615@@[URL]@http://labs.idefense.com/intelligence/vulnerabilities/display.php?id=825@@[URL]@http://aix.software.ibm.com/aix/efixes/security/cmsd_advisory.asc@@
2022/09/19 02:02:03,192.168.56.101,2121,tcp,proftpd,1.31,ProFTPD 1.3.2rc3 - 1.3.3b Telnet IAC Buffer Overflow (Linux),"This module exploits a stack-based buffer overflow in versions of ProFTPD server between versions 1.3.2rc3 and 1.3.3b. By sending data containing a large number of Telnet IAC commands, an attacker can corrupt memory and execute arbitrary code. The Debian Squeeze version of the exploit uses a little ROP stub to indirectly transfer the flow of execution to a pool buffer (the cmd_rec ""res"" in ""pr_cmd_read""). The Ubuntu version uses a ROP stager to mmap RWX memory, copy a small stub to it, and execute the stub. The stub then copies the remainder of the payload in and executes it. NOTE: Most Linux distributions either do not ship a vulnerable version of ProFTPD, or they ship a version compiled with stack smashing protection. Although SSP significantly reduces the probability of a single attempt succeeding, it will not prevent exploitation. Since the daemon forks in a default configuration, the cookie value will remain the same despite some attempts failing. By making repeated requests, an attacker can eventually guess the cookie value and exploit the vulnerability. The cookie in Ubuntu has 24-bits of entropy. This reduces the effectiveness and could allow exploitation in semi-reasonable amount of time.",meterpreter,exploit/linux/ftp/proftp_telnet_iac,4,payload/linux/x86/metsvc_bind_tcp,[CVE]@2010-4221@@[OSVDB]@68985@@[BID]@44562@@
2022/09/19 02:02:27,192.168.56.101,23,tcp,telnet,0.0,Solaris in.telnetd TTYPROMPT Buffer Overflow,This module uses a buffer overflow in the Solaris 'login' application to bypass authentication in the telnet daemon.,shell,exploit/solaris/telnet/ttyprompt,0,payload/cmd/unix/bind_perl_ipv6,[CVE]@2001-0797@@[OSVDB]@690@@[BID]@5531@@
2022/09/19 02:02:38,192.168.56.101,45444,tcp,rpc,0.0,ToolTalk rpc.ttdbserverd _tt_internal_realpath Buffer Overflow (AIX),This module exploits a buffer overflow vulnerability in _tt_internal_realpath function of the ToolTalk database server (rpc.ttdbserverd).,shell,exploit/aix/rpc_ttdbserverd_realpath,8,payload/aix/ppc/shell_bind_tcp,[CVE]@2009-2727@@[OSVDB]@55151@@
2022/09/19 02:03:59,192.168.56.101,5432,tcp,postgresql,8.37,PostgreSQL CREATE LANGUAGE Execution,"Some installations of Postgres 8 and 9 are configured to allow loading external scripting languages. Most commonly this is Perl and Python. When enabled, command execution is possible on the host. To execute system commands, loading the ""untrusted"" version of the language is necessary. This requires a superuser. This is usually postgres. The execution should be platform-agnostic, and has been tested on OS X, Windows, and Linux. This module attempts to load Perl or Python to execute system commands. As this dynamically loads a scripting language to execute commands, it is not necessary to drop a file on the filesystem. Only Postgres 8 and up are supported.",shell,exploit/multi/postgres/postgres_createlang,0,payload/cmd/unix/bind_zsh,[URL]@http://www.postgresql.org/docs/current/static/sql-createlanguage.html@@[URL]@http://www.postgresql.org/docs/current/static/plperl.html@@[URL]@http://www.postgresql.org/docs/current/static/plpython.html@@
2022/09/19 02:11:23,192.168.56.101,6667,tcp,irc,0.0,UnrealIRCD 3.2.8.1 Backdoor Command Execution,This module exploits a malicious backdoor that was added to the Unreal IRCD 3.2.8.1 download archive. This backdoor was present in the Unreal3.2.8.1.tar.gz archive between November 2009 and June 12th 2010.,shell,exploit/unix/irc/unreal_ircd_3281_backdoor,0,payload/cmd/unix/bind_ruby_ipv6,[CVE]@2010-2075@@[OSVDB]@65445@@[URL]@http://www.unrealircd.com/txt/unrealsecadvisory.20100612.txt@@
2022/09/19 02:11:45,192.168.56.101,6667,tcp,irc,0.0,Xdh / LinuxNet Perlbot / fBot IRC Bot Remote Code Execution,This module allows remote command execution on an IRC Bot developed by xdh. This perl bot was caught by Conor Patrick with his shellshock honeypot server and is categorized by Markus Zanke as an fBot (Fire & Forget - DDoS Bot). Matt Thayer also found this script which has a description of LinuxNet perlbot. The bot answers only based on the servername and nickname in the IRC message which is configured on the perl script thus you need to be an operator on the IRC network to spoof it and in order to exploit this bot or have at least the same ip to the config.,shell,exploit/multi/misc/xdh_x_exec,0,payload/cmd/unix/bind_netcat_gaping,[URL]@https://conorpp.com/blog/a-close-look-at-an-operating-botnet/@@[URL]@https://twitter.com/MrMookie/status/673389285676965889@@[URL]@https://www.alienvault.com/open-threat-exchange/blog/elasticzombie-botnet-exploiting-elasticsearch-vulnerabilities@@
2022/09/19 02:13:04,192.168.56.101,2121,tcp,proftpd,1.31,ProFTPD 1.3.2rc3 - 1.3.3b Telnet IAC Buffer Overflow (FreeBSD),"This module exploits a stack-based buffer overflow in versions of ProFTPD server between versions 1.3.2rc3 and 1.3.3b. By sending data containing a large number of Telnet IAC commands, an attacker can corrupt memory and execute arbitrary code.",shell,exploit/freebsd/ftp/proftp_telnet_iac,2,payload/bsd/x86/shell_bind_tcp,[CVE]@2010-4221@@[OSVDB]@68985@@[BID]@44562@@
2022/09/19 02:13:37,192.168.56.101,6667,tcp,irc,0.0,Xdh / LinuxNet Perlbot / fBot IRC Bot Remote Code Execution,This module allows remote command execution on an IRC Bot developed by xdh. This perl bot was caught by Conor Patrick with his shellshock honeypot server and is categorized by Markus Zanke as an fBot (Fire & Forget - DDoS Bot). Matt Thayer also found this script which has a description of LinuxNet perlbot. The bot answers only based on the servername and nickname in the IRC message which is configured on the perl script thus you need to be an operator on the IRC network to spoof it and in order to exploit this bot or have at least the same ip to the config.,shell,exploit/multi/misc/xdh_x_exec,0,payload/cmd/windows/bind_perl_ipv6,[URL]@https://conorpp.com/blog/a-close-look-at-an-operating-botnet/@@[URL]@https://twitter.com/MrMookie/status/673389285676965889@@[URL]@https://www.alienvault.com/open-threat-exchange/blog/elasticzombie-botnet-exploiting-elasticsearch-vulnerabilities@@
2022/09/19 02:17:45,192.168.56.101,25,tcp,postfix,0.0,GLD (Greylisting Daemon) Postfix Buffer Overflow,This module exploits a stack buffer overflow in the Salim Gasmi GLD <= 1.4 greylisting daemon for Postfix. By sending an overly long string the stack can be overwritten.,shell,exploit/linux/misc/gld_postfix,0,payload/linux/x86/shell/bind_nonx_tcp,[CVE]@2005-1099@@[OSVDB]@15492@@[BID]@13129@@[EDB]@934@@
2022/09/19 02:34:04,192.168.56.101,35791,tcp,rpc,0.0,Sun Solaris sadmind adm_build_path() Buffer Overflow,"This module exploits a buffer overflow vulnerability in adm_build_path() function of sadmind daemon. The distributed system administration daemon (sadmind) is the daemon used by Solstice AdminSuite applications to perform distributed system administration operations. The sadmind daemon is started automatically by the inetd daemon whenever a request to invoke an operation is received. The sadmind daemon process continues to run for 15 minutes after the last request is completed, unless a different idle-time is specified with the -i command line option. The sadmind daemon may be started independently from the command line, for example, at system boot time. In this case, the -i option has no effect; sadmind continues to run, even if there are no active requests.",shell,exploit/solaris/sunrpc/sadmind_adm_build_path,2,payload/solaris/x86/shell_bind_tcp,[CVE]@2008-4556@@[OSVDB]@49111@@[URL]@http://risesecurity.org/advisories/RISE-2008001.txt@@
2022/09/19 02:34:18,192.168.56.101,5900,tcp,vnc,3.3,VNC Keyboard Remote Code Execution,This module exploits VNC servers by sending virtual keyboard keys and executing a payload. On Windows systems a command prompt is opened and a PowerShell or CMDStager payload is typed and executed. On Unix/Linux systems a xterm terminal is opened and a payload is typed and executed.,shell,exploit/multi/vnc/vnc_keyboard_exec,2,payload/cmd/unix/bind_stub,[URL]@http://www.jedi.be/blog/2010/08/29/sending-keystrokes-to-your-virtual-machines-using-X-vnc-rdp-or-native/@@
2022/09/19 02:34:31,192.168.56.101,23,tcp,telnet,0.0,Sun Solaris Telnet Remote Authentication Bypass Vulnerability,This module exploits the argument injection vulnerability in the telnet daemon (in.telnetd) of Solaris 10 and 11.,shell,exploit/solaris/telnet/fuser,0,payload/cmd/unix/bind_perl,[CVE]@2007-0882@@[OSVDB]@31881@@[BID]@22512@@
2022/09/19 02:36:01,192.168.56.101,45444,tcp,rpc,0.0,Solaris ypupdated Command Execution,"This exploit targets a weakness in the way the ypupdated RPC application uses the command shell when handling a MAP UPDATE request. Extra commands may be launched through this command shell, which runs as root on the remote host, by passing commands in the format '|<command>'. Vulnerable systems include Solaris 2.7, 8, 9, and 10, when ypupdated is started with the '-i' command-line option.",shell,exploit/solaris/sunrpc/ypupdated_exec,0,payload/cmd/unix/bind_perl,[CVE]@1999-0209@@[OSVDB]@11517@@[BID]@1749@@
2022/09/19 02:37:26,192.168.56.101,2121,tcp,proftpd,1.31,ProFTPD 1.3.2rc3 - 1.3.3b Telnet IAC Buffer Overflow (FreeBSD),"This module exploits a stack-based buffer overflow in versions of ProFTPD server between versions 1.3.2rc3 and 1.3.3b. By sending data containing a large number of Telnet IAC commands, an attacker can corrupt memory and execute arbitrary code.",meterpreter,exploit/freebsd/ftp/proftp_telnet_iac,0,payload/bsd/x86/metsvc_bind_tcp,[CVE]@2010-4221@@[OSVDB]@68985@@[BID]@44562@@
2022/09/19 02:40:36,192.168.56.101,111,tcp,rpc,0.0,Snort 2 DCE/RPC Preprocessor Buffer Overflow,"This module allows remote attackers to execute arbitrary code by exploiting the Snort service via crafted SMB traffic. The vulnerability is due to a boundary error within the DCE/RPC preprocessor when reassembling SMB Write AndX requests, which may result a stack-based buffer overflow with a specially crafted packet sent on a network that is monitored by Snort. Vulnerable versions include Snort 2.6.1, 2.7 Beta 1 and SourceFire IDS 4.1, 4.5 and 4.6. Any host on the Snort network may be used as the remote host. The remote host does not need to be running the SMB service for the exploit to be successful.",shell,exploit/multi/ids/snort_dce_rpc,1,payload/linux/x86/shell/bind_tcp,[OSVDB]@32094@@[CVE]@2006-5276@@[URL]@http://web.archive.org/web/20070221235015/http://www.snort.org/docs/advisory-2007-02-19.html@@[URL]@http://sf-freedom.blogspot.com/2007/02/snort-261-dcerpc-preprocessor-remote.html@@[URL]@http://downloads.securityfocus.com/vulnerabilities/exploits/22616-linux.py@@
2022/09/19 02:40:44,192.168.56.101,35791,tcp,rpc,0.0,Solaris sadmind Command Execution,"This exploit targets a weakness in the default security settings of the sadmind RPC application. This server is installed and enabled by default on most versions of the Solaris operating system. Vulnerable systems include solaris 2.7, 8, and 9",shell,exploit/solaris/sunrpc/sadmind_exec,0,payload/cmd/unix/bind_perl,[CVE]@2003-0722@@[OSVDB]@4585@@[BID]@8615@@
2022/09/19 02:40:58,192.168.56.101,6667,tcp,irc,0.0,Legend Perl IRC Bot Remote Code Execution,"This module exploits a remote command execution on the Legend Perl IRC Bot. This bot has been used as a payload in the Shellshock spam last October 2014. This particular bot has functionalities like NMAP scanning, TCP, HTTP, SQL, and UDP flooding, the ability to remove system logs, and ability to gain root, and VNC scanning. Kevin Stevens, a Senior Threat Researcher at Damballa, has uploaded this script to VirusTotal with a md5 of 11a9f1589472efa719827079c3d13f76.",shell,exploit/multi/misc/legend_bot_exec,0,payload/cmd/unix/bind_ruby,[OSVDB]@121681@@[EDB]@36836@@[URL]@https://www.damballa.com/perlbotnado/@@[URL]@http://www.csoonline.com/article/2839054/vulnerabilities/report-criminals-use-shellshock-against-mail-servers-to-build-botnet.html@@
2022/09/19 02:42:26,192.168.56.101,45444,tcp,rpc,0.0,Snort 2 DCE/RPC Preprocessor Buffer Overflow,"This module allows remote attackers to execute arbitrary code by exploiting the Snort service via crafted SMB traffic. The vulnerability is due to a boundary error within the DCE/RPC preprocessor when reassembling SMB Write AndX requests, which may result a stack-based buffer overflow with a specially crafted packet sent on a network that is monitored by Snort. Vulnerable versions include Snort 2.6.1, 2.7 Beta 1 and SourceFire IDS 4.1, 4.5 and 4.6. Any host on the Snort network may be used as the remote host. The remote host does not need to be running the SMB service for the exploit to be successful.",shell,exploit/multi/ids/snort_dce_rpc,1,payload/linux/x86/shell/bind_tcp,[OSVDB]@32094@@[CVE]@2006-5276@@[URL]@http://web.archive.org/web/20070221235015/http://www.snort.org/docs/advisory-2007-02-19.html@@[URL]@http://sf-freedom.blogspot.com/2007/02/snort-261-dcerpc-preprocessor-remote.html@@[URL]@http://downloads.securityfocus.com/vulnerabilities/exploits/22616-linux.py@@
2022/09/19 02:42:31,192.168.56.101,2121,tcp,proftpd,1.31,ProFTPD 1.2 - 1.3.0 sreplace Buffer Overflow (Linux),"This module exploits a stack-based buffer overflow in versions 1.2 through 1.3.0 of ProFTPD server. The vulnerability is within the ""sreplace"" function within the ""src/support.c"" file. The off-by-one heap overflow bug in the ProFTPD sreplace function has been discovered about 2 (two) years ago by Evgeny Legerov. We tried to exploit this off-by-one bug via MKD command, but failed. We did not work on this bug since then. Actually, there are exists at least two bugs in sreplace function, one is the mentioned off-by-one heap overflow bug the other is a stack-based buffer overflow via 'sstrncpy(dst,src,negative argument)'. We were unable to reach the ""sreplace"" stack bug on ProFTPD 1.2.10 stable version, but the version 1.3.0rc3 introduced some interesting changes, among them: 1. another (integer) overflow in sreplace! 2. now it is possible to reach sreplace stack-based buffer overflow bug via the ""pr_display_file"" function! 3. stupid '.message' file display bug So we decided to choose ProFTPD 1.3.0 as a target for our exploit. To reach the bug, you need to upload a specially created .message file to a writeable directory, then do ""CWD <writeable directory>"" to trigger the invocation of sreplace function. Note that ProFTPD 1.3.0rc3 has introduced a stupid bug: to display '.message' file you also have to upload a file named '250'. ProFTPD 1.3.0 fixes this bug. The exploit is a part of VulnDisco Pack since Dec 2005.",shell,exploit/linux/ftp/proftp_sreplace,1,payload/linux/x86/shell/bind_tcp,[CVE]@2006-5815@@[OSVDB]@68985@@[BID]@20992@@[URL]@http://seclists.org/bugtraq/2006/Nov/94@@[URL]@http://seclists.org/bugtraq/2006/Nov/538@@[URL]@http://bugs.proftpd.org/show_bug.cgi?id=2858@@[URL]@http://proftp.cvs.sourceforge.net/proftp/proftpd/src/main.c?view=diff&r1=text&tr1=1.292&r2=text&tr2=1.294&diff_format=h@@
2022/09/19 02:42:59,192.168.56.101,2121,tcp,proftpd,1.31,ProFTPD 1.3.2rc3 - 1.3.3b Telnet IAC Buffer Overflow (FreeBSD),"This module exploits a stack-based buffer overflow in versions of ProFTPD server between versions 1.3.2rc3 and 1.3.3b. By sending data containing a large number of Telnet IAC commands, an attacker can corrupt memory and execute arbitrary code.",shell,exploit/freebsd/ftp/proftp_telnet_iac,2,payload/bsd/x86/shell/bind_ipv6_tcp,[CVE]@2010-4221@@[OSVDB]@68985@@[BID]@44562@@
2022/09/19 02:43:24,192.168.56.101,5900,tcp,vnc,3.3,VNC Keyboard Remote Code Execution,This module exploits VNC servers by sending virtual keyboard keys and executing a payload. On Windows systems a command prompt is opened and a PowerShell or CMDStager payload is typed and executed. On Unix/Linux systems a xterm terminal is opened and a payload is typed and executed.,shell,exploit/multi/vnc/vnc_keyboard_exec,2,payload/cmd/unix/bind_ruby,[URL]@http://www.jedi.be/blog/2010/08/29/sending-keystrokes-to-your-virtual-machines-using-X-vnc-rdp-or-native/@@
2022/09/19 02:43:41,192.168.56.101,23,tcp,telnet,0.0,ProFTPD 1.3.2rc3 - 1.3.3b Telnet IAC Buffer Overflow (Linux),"This module exploits a stack-based buffer overflow in versions of ProFTPD server between versions 1.3.2rc3 and 1.3.3b. By sending data containing a large number of Telnet IAC commands, an attacker can corrupt memory and execute arbitrary code. The Debian Squeeze version of the exploit uses a little ROP stub to indirectly transfer the flow of execution to a pool buffer (the cmd_rec ""res"" in ""pr_cmd_read""). The Ubuntu version uses a ROP stager to mmap RWX memory, copy a small stub to it, and execute the stub. The stub then copies the remainder of the payload in and executes it. NOTE: Most Linux distributions either do not ship a vulnerable version of ProFTPD, or they ship a version compiled with stack smashing protection. Although SSP significantly reduces the probability of a single attempt succeeding, it will not prevent exploitation. Since the daemon forks in a default configuration, the cookie value will remain the same despite some attempts failing. By making repeated requests, an attacker can eventually guess the cookie value and exploit the vulnerability. The cookie in Ubuntu has 24-bits of entropy. This reduces the effectiveness and could allow exploitation in semi-reasonable amount of time.",shell,exploit/linux/ftp/proftp_telnet_iac,1,payload/linux/x86/shell/bind_tcp,[CVE]@2010-4221@@[OSVDB]@68985@@[BID]@44562@@
2022/09/19 02:44:47,192.168.56.101,2121,tcp,proftpd,1.31,ProFTPD-1.3.3c Backdoor Command Execution,This module exploits a malicious backdoor that was added to the ProFTPD download archive. This backdoor was present in the proftpd-1.3.3c.tar.[bz2|gz] archive between November 28th 2010 and 2nd December 2010.,shell,exploit/unix/ftp/proftpd_133c_backdoor,0,payload/cmd/unix/bind_perl,[OSVDB]@69562@@[BID]@45150@@
2022/09/19 02:46:16,192.168.56.101,6697,tcp,irc,0.0,PHP IRC Bot pbot eval() Remote Code Execution,"This module allows remote command execution on the PHP IRC bot pbot by abusing the usage of eval() in the implementation of the .php command. In order to work, the data to connect to the IRC server and channel where find pbot must be provided. The module has been successfully tested on the version of pbot analyzed by Jay Turla, and published on Infosec Institute, running over Ubuntu 10.04 and Windows XP SP3.",shell,exploit/multi/misc/pbot_exec,0,payload/cmd/unix/bind_ruby,[OSVDB]@84913@@[EDB]@20168@@[URL]@http://resources.infosecinstitute.com/pbot-analysis/@@
2022/09/20 17:27:27,192.168.56.101,5432,tcp,postgresql,8.37,PostgreSQL for Linux Payload Execution,"On some default Linux installations of PostgreSQL, the postgres service account may write to the /tmp directory, and may source UDF Shared Libraries from there as well, allowing execution of arbitrary code. This module compiles a Linux shared object file, uploads it to the target host via the UPDATE pg_largeobject method of binary injection, and creates a UDF (user defined function) from that shared object. Because the payload is run as the shared object's constructor, it does not need to conform to specific Postgres API versions.",shell,exploit/linux/postgres/postgres_payload,1,payload/generic/shell_bind_tcp,[URL]@http://www.leidecker.info/pgshell/Having_Fun_With_PostgreSQL.txt@@
2022/09/20 17:50:04,192.168.56.101,45444,tcp,rpc,0.0,ToolTalk rpc.ttdbserverd _tt_internal_realpath Buffer Overflow (AIX),This module exploits a buffer overflow vulnerability in _tt_internal_realpath function of the ToolTalk database server (rpc.ttdbserverd).,shell,exploit/aix/rpc_ttdbserverd_realpath,1,payload/aix/ppc/shell_bind_tcp,[CVE]@2009-2727@@[OSVDB]@55151@@
2022/09/21 16:28:04,192.168.56.101,5900,tcp,vnc,3.3,VNC Keyboard Remote Code Execution,This module exploits VNC servers by sending virtual keyboard keys and executing a payload. On Windows systems a command prompt is opened and a PowerShell or CMDStager payload is typed and executed. On Unix/Linux systems a xterm terminal is opened and a payload is typed and executed.,shell,exploit/multi/vnc/vnc_keyboard_exec,2,payload/cmd/unix/bind_perl_ipv6,[URL]@http://www.jedi.be/blog/2010/08/29/sending-keystrokes-to-your-virtual-machines-using-X-vnc-rdp-or-native/@@
2022/09/21 16:58:00,192.168.56.101,32953,tcp,rpc,0.0,Advantech WebAccess Webvrpcs Service Opcode 80061 Stack Buffer Overflow,"This module exploits a stack buffer overflow in Advantech WebAccess 8.2. By sending a specially crafted DCERPC request, an attacker could overflow the buffer and execute arbitrary code.",meterpreter,exploit/windows/scada/advantech_webaccess_webvrpcs_bof,0,payload/windows/metsvc_bind_tcp,[ZDI]@17-938@@[CVE]@2017-14016@@[URL]@https://ics-cert.us-cert.gov/advisories/ICSA-17-306-02@@
2022/09/21 17:10:04,192.168.56.101,6697,tcp,irc,0.0,w3tw0rk / Pitbul IRC Bot  Remote Code Execution,This module allows remote command execution on the w3tw0rk / Pitbul IRC Bot.,shell,exploit/multi/misc/w3tw0rk_exec,0,payload/cmd/unix/bind_ruby_ipv6,[OSVDB]@120384@@[EDB]@36652@@
2022/09/21 17:33:25,192.168.56.101,5900,tcp,vnc,3.3,VNC Keyboard Remote Code Execution,This module exploits VNC servers by sending virtual keyboard keys and executing a payload. On Windows systems a command prompt is opened and a PowerShell or CMDStager payload is typed and executed. On Unix/Linux systems a xterm terminal is opened and a payload is typed and executed.,powershell,exploit/multi/vnc/vnc_keyboard_exec,1,payload/windows/powershell_bind_tcp,[URL]@http://www.jedi.be/blog/2010/08/29/sending-keystrokes-to-your-virtual-machines-using-X-vnc-rdp-or-native/@@
2022/09/21 17:34:21,192.168.56.101,25,tcp,postfix,0.0,GLD (Greylisting Daemon) Postfix Buffer Overflow,This module exploits a stack buffer overflow in the Salim Gasmi GLD <= 1.4 greylisting daemon for Postfix. By sending an overly long string the stack can be overwritten.,shell,exploit/linux/misc/gld_postfix,0,payload/linux/x86/shell_bind_tcp,[CVE]@2005-1099@@[OSVDB]@15492@@[BID]@13129@@[EDB]@934@@
2022/10/14 15:59:11,192.168.56.101,5900,tcp,vnc,3.3,VNC Keyboard Remote Code Execution,This module exploits VNC servers by sending virtual keyboard keys and executing a payload. On Windows systems a command prompt is opened and a PowerShell or CMDStager payload is typed and executed. On Unix/Linux systems a xterm terminal is opened and a payload is typed and executed.,shell,exploit/multi/vnc/vnc_keyboard_exec,2,payload/cmd/unix/bind_lua,[URL]@http://www.jedi.be/blog/2010/08/29/sending-keystrokes-to-your-virtual-machines-using-X-vnc-rdp-or-native/@@
