2022/09/17 13:30:59,192.168.56.101,21,tcp,vsftpd,2.34,VSFTPD v2.3.4 Backdoor Command Execution,This module exploits a malicious backdoor that was added to the VSFTPD download archive. This backdoor was introduced into the vsftpd-2.3.4.tar.gz archive between June 30th 2011 and July 1st 2011 according to the most recent information available. This backdoor was removed on July 3rd 2011.,shell,exploit/unix/ftp/vsftpd_234_backdoor,0,payload/cmd/unix/interact,[OSVDB]@73573@@[URL]@http://pastebin.com/AetT9sS5@@[URL]@http://scarybeastsecurity.blogspot.com/2011/07/alert-vsftpd-download-backdoored.html@@
2022/09/19 01:58:10,192.168.56.101,6697,tcp,irc,0.0,Xdh / LinuxNet Perlbot / fBot IRC Bot Remote Code Execution,This module allows remote command execution on an IRC Bot developed by xdh. This perl bot was caught by Conor Patrick with his shellshock honeypot server and is categorized by Markus Zanke as an fBot (Fire & Forget - DDoS Bot). Matt Thayer also found this script which has a description of LinuxNet perlbot. The bot answers only based on the servername and nickname in the IRC message which is configured on the perl script thus you need to be an operator on the IRC network to spoof it and in order to exploit this bot or have at least the same ip to the config.,shell,exploit/multi/misc/xdh_x_exec,0,payload/cmd/unix/bind_zsh,[URL]@https://conorpp.com/blog/a-close-look-at-an-operating-botnet/@@[URL]@https://twitter.com/MrMookie/status/673389285676965889@@[URL]@https://www.alienvault.com/open-threat-exchange/blog/elasticzombie-botnet-exploiting-elasticsearch-vulnerabilities@@
2022/09/19 01:58:35,192.168.56.101,53,tcp,bind,9.42,Trend Micro ServerProtect 5.58 CreateBinding() Buffer Overflow,"This module exploits a buffer overflow in Trend Micro ServerProtect 5.58 Build 1060. By sending a specially crafted RPC request, an attacker could overflow the buffer and execute arbitrary code.",meterpreter,exploit/windows/antivirus/trendmicro_serverprotect_createbinding,0,payload/windows/meterpreter/bind_nonx_tcp,[CVE]@2007-2508@@[OSVDB]@35790@@[BID]@23868@@
2022/09/19 01:58:43,192.168.56.101,5900,tcp,vnc,3.3,VNC Keyboard Remote Code Execution,This module exploits VNC servers by sending virtual keyboard keys and executing a payload. On Windows systems a command prompt is opened and a PowerShell or CMDStager payload is typed and executed. On Unix/Linux systems a xterm terminal is opened and a payload is typed and executed.,shell,exploit/multi/vnc/vnc_keyboard_exec,2,payload/cmd/unix/bind_zsh,[URL]@http://www.jedi.be/blog/2010/08/29/sending-keystrokes-to-your-virtual-machines-using-X-vnc-rdp-or-native/@@
2022/09/19 01:59:19,192.168.56.101,5900,tcp,vnc,3.3,VNC Keyboard Remote Code Execution,This module exploits VNC servers by sending virtual keyboard keys and executing a payload. On Windows systems a command prompt is opened and a PowerShell or CMDStager payload is typed and executed. On Unix/Linux systems a xterm terminal is opened and a payload is typed and executed.,shell,exploit/multi/vnc/vnc_keyboard_exec,0,payload/windows/shell/bind_nonx_tcp,[URL]@http://www.jedi.be/blog/2010/08/29/sending-keystrokes-to-your-virtual-machines-using-X-vnc-rdp-or-native/@@
2022/09/19 02:09:03,192.168.56.101,5900,tcp,vnc,3.3,VNC Keyboard Remote Code Execution,This module exploits VNC servers by sending virtual keyboard keys and executing a payload. On Windows systems a command prompt is opened and a PowerShell or CMDStager payload is typed and executed. On Unix/Linux systems a xterm terminal is opened and a payload is typed and executed.,shell,exploit/multi/vnc/vnc_keyboard_exec,1,payload/windows/shell/bind_ipv6_tcp,[URL]@http://www.jedi.be/blog/2010/08/29/sending-keystrokes-to-your-virtual-machines-using-X-vnc-rdp-or-native/@@
2022/09/19 02:09:30,192.168.56.101,23,tcp,telnet,0.0,FreeBSD Telnet Service Encryption Key ID Buffer Overflow,This module exploits a buffer overflow in the encryption option handler of the FreeBSD telnet service.,shell,exploit/freebsd/telnet/telnet_encrypt_keyid,7,payload/bsd/x86/shell_bind_tcp,[CVE]@2011-4862@@[OSVDB]@78020@@[BID]@51182@@[EDB]@18280@@
2022/09/19 02:09:56,192.168.56.101,3306,tcp,mysql,5.051,MySQL yaSSL CertDecoder::GetName Buffer Overflow,"This module exploits a stack buffer overflow in the yaSSL (1.9.8 and earlier) implementation bundled with MySQL. By sending a specially crafted client certificate, an attacker can execute arbitrary code. This vulnerability is present within the CertDecoder::GetName function inside ""taocrypt/src/asn.cpp"". However, the stack buffer that is written to exists within a parent function's stack frame. NOTE: This vulnerability requires a non-default configuration. First, the attacker must be able to pass the host-based authentication. Next, the server must be configured to listen on an accessible network interface. Lastly, the server must have been manually configured to use SSL. The binary from version 5.5.0-m2 was built with /GS and /SafeSEH. During testing on Windows XP SP3, these protections successfully prevented exploitation. Testing was also done with mysql on Ubuntu 9.04. Although the vulnerable code is present, both version 5.5.0-m2 built from source and version 5.0.75 from a binary package were not exploitable due to the use of the compiler's FORTIFY feature. Although suse11 was mentioned in the original blog post, the binary package they provide does not contain yaSSL or support SSL.",shell,exploit/linux/mysql/mysql_yassl_getname,1,payload/linux/x86/shell/bind_ipv6_tcp,[CVE]@2009-4484@@[BID]@37640@@[BID]@37943@@[BID]@37974@@[OSVDB]@61956@@[URL]@http://secunia.com/advisories/38344/@@
2022/09/19 02:10:46,192.168.56.101,2049,tcp,rpc,0.0,AIX Calendar Manager Service Daemon (rpc.cmsd) Opcode 21 Buffer Overflow,"This module exploits a buffer overflow vulnerability in opcode 21 handled by rpc.cmsd on AIX. By making a request with a long string passed to the first argument of the ""rtable_create"" RPC, a stack based buffer overflow occurs. This leads to arbitrary code execution. NOTE: Unsuccessful attempts may cause inetd/portmapper to enter a state where further attempts are not possible.",shell,exploit/aix/rpc_cmsd_opcode21,0,payload/generic/shell_bind_tcp,[CVE]@2009-3699@@[OSVDB]@58726@@[BID]@36615@@[URL]@http://labs.idefense.com/intelligence/vulnerabilities/display.php?id=825@@[URL]@http://aix.software.ibm.com/aix/efixes/security/cmsd_advisory.asc@@
2022/09/19 02:22:17,192.168.56.101,25,tcp,postfix,0.0,GLD (Greylisting Daemon) Postfix Buffer Overflow,This module exploits a stack buffer overflow in the Salim Gasmi GLD <= 1.4 greylisting daemon for Postfix. By sending an overly long string the stack can be overwritten.,shell,exploit/linux/misc/gld_postfix,0,payload/linux/x86/shell/bind_ipv6_tcp,[CVE]@2005-1099@@[OSVDB]@15492@@[BID]@13129@@[EDB]@934@@
2022/09/19 02:25:06,192.168.56.101,53,tcp,bind,9.42,Trend Micro ServerProtect 5.58 CreateBinding() Buffer Overflow,"This module exploits a buffer overflow in Trend Micro ServerProtect 5.58 Build 1060. By sending a specially crafted RPC request, an attacker could overflow the buffer and execute arbitrary code.",shell,exploit/windows/antivirus/trendmicro_serverprotect_createbinding,0,payload/windows/shell/bind_nonx_tcp,[CVE]@2007-2508@@[OSVDB]@35790@@[BID]@23868@@
2022/09/19 02:27:57,192.168.56.101,2121,tcp,proftpd,1.31,ProFTPD 1.3.2rc3 - 1.3.3b Telnet IAC Buffer Overflow (Linux),"This module exploits a stack-based buffer overflow in versions of ProFTPD server between versions 1.3.2rc3 and 1.3.3b. By sending data containing a large number of Telnet IAC commands, an attacker can corrupt memory and execute arbitrary code. The Debian Squeeze version of the exploit uses a little ROP stub to indirectly transfer the flow of execution to a pool buffer (the cmd_rec ""res"" in ""pr_cmd_read""). The Ubuntu version uses a ROP stager to mmap RWX memory, copy a small stub to it, and execute the stub. The stub then copies the remainder of the payload in and executes it. NOTE: Most Linux distributions either do not ship a vulnerable version of ProFTPD, or they ship a version compiled with stack smashing protection. Although SSP significantly reduces the probability of a single attempt succeeding, it will not prevent exploitation. Since the daemon forks in a default configuration, the cookie value will remain the same despite some attempts failing. By making repeated requests, an attacker can eventually guess the cookie value and exploit the vulnerability. The cookie in Ubuntu has 24-bits of entropy. This reduces the effectiveness and could allow exploitation in semi-reasonable amount of time.",shell,exploit/linux/ftp/proftp_telnet_iac,2,payload/generic/shell_bind_tcp,[CVE]@2010-4221@@[OSVDB]@68985@@[BID]@44562@@
2022/09/19 02:28:10,192.168.56.101,6697,tcp,irc,0.0,UnrealIRCD 3.2.8.1 Backdoor Command Execution,This module exploits a malicious backdoor that was added to the Unreal IRCD 3.2.8.1 download archive. This backdoor was present in the Unreal3.2.8.1.tar.gz archive between November 2009 and June 12th 2010.,shell,exploit/unix/irc/unreal_ircd_3281_backdoor,0,payload/cmd/unix/bind_ruby_ipv6,[CVE]@2010-2075@@[OSVDB]@65445@@[URL]@http://www.unrealircd.com/txt/unrealsecadvisory.20100612.txt@@
2022/09/19 02:28:31,192.168.56.101,5432,tcp,postgresql,8.37,PostgreSQL CREATE LANGUAGE Execution,"Some installations of Postgres 8 and 9 are configured to allow loading external scripting languages. Most commonly this is Perl and Python. When enabled, command execution is possible on the host. To execute system commands, loading the ""untrusted"" version of the language is necessary. This requires a superuser. This is usually postgres. The execution should be platform-agnostic, and has been tested on OS X, Windows, and Linux. This module attempts to load Perl or Python to execute system commands. As this dynamically loads a scripting language to execute commands, it is not necessary to drop a file on the filesystem. Only Postgres 8 and up are supported.",shell,exploit/multi/postgres/postgres_createlang,0,payload/cmd/unix/bind_netcat_gaping_ipv6,[URL]@http://www.postgresql.org/docs/current/static/sql-createlanguage.html@@[URL]@http://www.postgresql.org/docs/current/static/plperl.html@@[URL]@http://www.postgresql.org/docs/current/static/plpython.html@@
2022/09/19 02:28:45,192.168.56.101,2049,tcp,rpc,0.0,AIX Calendar Manager Service Daemon (rpc.cmsd) Opcode 21 Buffer Overflow,"This module exploits a buffer overflow vulnerability in opcode 21 handled by rpc.cmsd on AIX. By making a request with a long string passed to the first argument of the ""rtable_create"" RPC, a stack based buffer overflow occurs. This leads to arbitrary code execution. NOTE: Unsuccessful attempts may cause inetd/portmapper to enter a state where further attempts are not possible.",shell,exploit/aix/rpc_cmsd_opcode21,0,payload/aix/ppc/shell_bind_tcp,[CVE]@2009-3699@@[OSVDB]@58726@@[BID]@36615@@[URL]@http://labs.idefense.com/intelligence/vulnerabilities/display.php?id=825@@[URL]@http://aix.software.ibm.com/aix/efixes/security/cmsd_advisory.asc@@
2022/09/19 02:29:20,192.168.56.101,5900,tcp,vnc,3.3,VNC Keyboard Remote Code Execution,This module exploits VNC servers by sending virtual keyboard keys and executing a payload. On Windows systems a command prompt is opened and a PowerShell or CMDStager payload is typed and executed. On Unix/Linux systems a xterm terminal is opened and a payload is typed and executed.,shell,exploit/multi/vnc/vnc_keyboard_exec,2,payload/cmd/unix/bind_r,[URL]@http://www.jedi.be/blog/2010/08/29/sending-keystrokes-to-your-virtual-machines-using-X-vnc-rdp-or-native/@@
2022/09/19 02:34:35,192.168.56.101,5432,tcp,postgresql,8.37,PostgreSQL for Linux Payload Execution,"On some default Linux installations of PostgreSQL, the postgres service account may write to the /tmp directory, and may source UDF Shared Libraries from there as well, allowing execution of arbitrary code. This module compiles a Linux shared object file, uploads it to the target host via the UPDATE pg_largeobject method of binary injection, and creates a UDF (user defined function) from that shared object. Because the payload is run as the shared object's constructor, it does not need to conform to specific Postgres API versions.",shell,exploit/linux/postgres/postgres_payload,1,payload/linux/x64/shell_bind_tcp,[URL]@http://www.leidecker.info/pgshell/Having_Fun_With_PostgreSQL.txt@@
2022/09/19 02:34:51,192.168.56.101,6697,tcp,irc,0.0,PHP IRC Bot pbot eval() Remote Code Execution,"This module allows remote command execution on the PHP IRC bot pbot by abusing the usage of eval() in the implementation of the .php command. In order to work, the data to connect to the IRC server and channel where find pbot must be provided. The module has been successfully tested on the version of pbot analyzed by Jay Turla, and published on Infosec Institute, running over Ubuntu 10.04 and Windows XP SP3.",shell,exploit/multi/misc/pbot_exec,0,payload/cmd/unix/bind_ruby,[OSVDB]@84913@@[EDB]@20168@@[URL]@http://resources.infosecinstitute.com/pbot-analysis/@@
2022/09/19 02:41:02,192.168.56.101,5900,tcp,vnc,3.3,VNC Keyboard Remote Code Execution,This module exploits VNC servers by sending virtual keyboard keys and executing a payload. On Windows systems a command prompt is opened and a PowerShell or CMDStager payload is typed and executed. On Unix/Linux systems a xterm terminal is opened and a payload is typed and executed.,shell,exploit/multi/vnc/vnc_keyboard_exec,2,payload/cmd/unix/bind_ruby,[URL]@http://www.jedi.be/blog/2010/08/29/sending-keystrokes-to-your-virtual-machines-using-X-vnc-rdp-or-native/@@
2022/09/19 02:42:47,192.168.56.101,23,tcp,telnet,0.0,Solaris in.telnetd TTYPROMPT Buffer Overflow,This module uses a buffer overflow in the Solaris 'login' application to bypass authentication in the telnet daemon.,shell,exploit/solaris/telnet/ttyprompt,0,payload/cmd/unix/bind_perl,[CVE]@2001-0797@@[OSVDB]@690@@[BID]@5531@@
2022/09/19 02:43:08,192.168.56.101,6697,tcp,irc,0.0,PHP IRC Bot pbot eval() Remote Code Execution,"This module allows remote command execution on the PHP IRC bot pbot by abusing the usage of eval() in the implementation of the .php command. In order to work, the data to connect to the IRC server and channel where find pbot must be provided. The module has been successfully tested on the version of pbot analyzed by Jay Turla, and published on Infosec Institute, running over Ubuntu 10.04 and Windows XP SP3.",shell,exploit/multi/misc/pbot_exec,0,payload/cmd/unix/bind_ruby,[OSVDB]@84913@@[EDB]@20168@@[URL]@http://resources.infosecinstitute.com/pbot-analysis/@@
2022/09/20 17:20:54,192.168.56.101,2049,tcp,rpc,0.0,Sun Solaris sadmind adm_build_path() Buffer Overflow,"This module exploits a buffer overflow vulnerability in adm_build_path() function of sadmind daemon. The distributed system administration daemon (sadmind) is the daemon used by Solstice AdminSuite applications to perform distributed system administration operations. The sadmind daemon is started automatically by the inetd daemon whenever a request to invoke an operation is received. The sadmind daemon process continues to run for 15 minutes after the last request is completed, unless a different idle-time is specified with the -i command line option. The sadmind daemon may be started independently from the command line, for example, at system boot time. In this case, the -i option has no effect; sadmind continues to run, even if there are no active requests.",shell,exploit/solaris/sunrpc/sadmind_adm_build_path,0,payload/solaris/x86/shell_bind_tcp,[CVE]@2008-4556@@[OSVDB]@49111@@[URL]@http://risesecurity.org/advisories/RISE-2008001.txt@@
2022/09/20 17:33:15,192.168.56.101,25,tcp,postfix,0.0,GLD (Greylisting Daemon) Postfix Buffer Overflow,This module exploits a stack buffer overflow in the Salim Gasmi GLD <= 1.4 greylisting daemon for Postfix. By sending an overly long string the stack can be overwritten.,shell,exploit/linux/misc/gld_postfix,0,payload/linux/x86/shell_bind_ipv6_tcp,[CVE]@2005-1099@@[OSVDB]@15492@@[BID]@13129@@[EDB]@934@@
2022/09/21 16:47:32,192.168.56.101,25,tcp,postfix,0.0,GLD (Greylisting Daemon) Postfix Buffer Overflow,This module exploits a stack buffer overflow in the Salim Gasmi GLD <= 1.4 greylisting daemon for Postfix. By sending an overly long string the stack can be overwritten.,shell,exploit/linux/misc/gld_postfix,0,payload/generic/shell_bind_tcp,[CVE]@2005-1099@@[OSVDB]@15492@@[BID]@13129@@[EDB]@934@@
2022/09/21 16:47:49,192.168.56.101,23,tcp,telnet,0.0,ProFTPD 1.3.2rc3 - 1.3.3b Telnet IAC Buffer Overflow (Linux),"This module exploits a stack-based buffer overflow in versions of ProFTPD server between versions 1.3.2rc3 and 1.3.3b. By sending data containing a large number of Telnet IAC commands, an attacker can corrupt memory and execute arbitrary code. The Debian Squeeze version of the exploit uses a little ROP stub to indirectly transfer the flow of execution to a pool buffer (the cmd_rec ""res"" in ""pr_cmd_read""). The Ubuntu version uses a ROP stager to mmap RWX memory, copy a small stub to it, and execute the stub. The stub then copies the remainder of the payload in and executes it. NOTE: Most Linux distributions either do not ship a vulnerable version of ProFTPD, or they ship a version compiled with stack smashing protection. Although SSP significantly reduces the probability of a single attempt succeeding, it will not prevent exploitation. Since the daemon forks in a default configuration, the cookie value will remain the same despite some attempts failing. By making repeated requests, an attacker can eventually guess the cookie value and exploit the vulnerability. The cookie in Ubuntu has 24-bits of entropy. This reduces the effectiveness and could allow exploitation in semi-reasonable amount of time.",meterpreter,exploit/linux/ftp/proftp_telnet_iac,4,payload/linux/x86/metsvc_bind_tcp,[CVE]@2010-4221@@[OSVDB]@68985@@[BID]@44562@@
2022/09/21 16:48:07,192.168.56.101,3306,tcp,mysql,5.051,MySQL yaSSL CertDecoder::GetName Buffer Overflow,"This module exploits a stack buffer overflow in the yaSSL (1.9.8 and earlier) implementation bundled with MySQL. By sending a specially crafted client certificate, an attacker can execute arbitrary code. This vulnerability is present within the CertDecoder::GetName function inside ""taocrypt/src/asn.cpp"". However, the stack buffer that is written to exists within a parent function's stack frame. NOTE: This vulnerability requires a non-default configuration. First, the attacker must be able to pass the host-based authentication. Next, the server must be configured to listen on an accessible network interface. Lastly, the server must have been manually configured to use SSL. The binary from version 5.5.0-m2 was built with /GS and /SafeSEH. During testing on Windows XP SP3, these protections successfully prevented exploitation. Testing was also done with mysql on Ubuntu 9.04. Although the vulnerable code is present, both version 5.5.0-m2 built from source and version 5.0.75 from a binary package were not exploitable due to the use of the compiler's FORTIFY feature. Although suse11 was mentioned in the original blog post, the binary package they provide does not contain yaSSL or support SSL.",shell,exploit/linux/mysql/mysql_yassl_getname,1,payload/linux/x86/shell_bind_ipv6_tcp,[CVE]@2009-4484@@[BID]@37640@@[BID]@37943@@[BID]@37974@@[OSVDB]@61956@@[URL]@http://secunia.com/advisories/38344/@@
2022/09/21 17:34:28,192.168.56.101,23,tcp,telnet,0.0,Solaris in.telnetd TTYPROMPT Buffer Overflow,This module uses a buffer overflow in the Solaris 'login' application to bypass authentication in the telnet daemon.,shell,exploit/solaris/telnet/ttyprompt,0,payload/cmd/unix/bind_perl,[CVE]@2001-0797@@[OSVDB]@690@@[BID]@5531@@
2022/09/24 14:18:48,192.168.56.101,6667,tcp,irc,0.0,w3tw0rk / Pitbul IRC Bot  Remote Code Execution,This module allows remote command execution on the w3tw0rk / Pitbul IRC Bot.,shell,exploit/multi/misc/w3tw0rk_exec,0,payload/cmd/unix/bind_zsh,[OSVDB]@120384@@[EDB]@36652@@
2022/09/24 14:19:01,192.168.56.101,25,tcp,postfix,0.0,GLD (Greylisting Daemon) Postfix Buffer Overflow,This module exploits a stack buffer overflow in the Salim Gasmi GLD <= 1.4 greylisting daemon for Postfix. By sending an overly long string the stack can be overwritten.,shell,exploit/linux/misc/gld_postfix,0,payload/linux/x86/shell/bind_ipv6_tcp_uuid,[CVE]@2005-1099@@[OSVDB]@15492@@[BID]@13129@@[EDB]@934@@
2022/09/24 14:19:07,192.168.56.101,111,tcp,rpc,0.0,AIX Calendar Manager Service Daemon (rpc.cmsd) Opcode 21 Buffer Overflow,"This module exploits a buffer overflow vulnerability in opcode 21 handled by rpc.cmsd on AIX. By making a request with a long string passed to the first argument of the ""rtable_create"" RPC, a stack based buffer overflow occurs. This leads to arbitrary code execution. NOTE: Unsuccessful attempts may cause inetd/portmapper to enter a state where further attempts are not possible.",shell,exploit/aix/rpc_cmsd_opcode21,0,payload/aix/ppc/shell_bind_tcp,[CVE]@2009-3699@@[OSVDB]@58726@@[BID]@36615@@[URL]@http://labs.idefense.com/intelligence/vulnerabilities/display.php?id=825@@[URL]@http://aix.software.ibm.com/aix/efixes/security/cmsd_advisory.asc@@
2022/10/14 15:59:11,192.168.56.101,5900,tcp,vnc,3.3,VNC Keyboard Remote Code Execution,This module exploits VNC servers by sending virtual keyboard keys and executing a payload. On Windows systems a command prompt is opened and a PowerShell or CMDStager payload is typed and executed. On Unix/Linux systems a xterm terminal is opened and a payload is typed and executed.,shell,exploit/multi/vnc/vnc_keyboard_exec,2,payload/cmd/unix/bind_lua,[URL]@http://www.jedi.be/blog/2010/08/29/sending-keystrokes-to-your-virtual-machines-using-X-vnc-rdp-or-native/@@
