{
    "rhost": "172.17.0.3",
    "os_type": 15,
    "21": {
        "prod_name": "vsftpd",
        "version": 2.34,
        "protocol": "tcp",
        "target_path": "",
        "exploit": [
            "exploit/unix/ftp/vsftpd_234_backdoor"
        ]
    },
    "22": {
        "prod_name": "ssh",
        "version": 4.71121,
        "protocol": "tcp",
        "target_path": "",
        "exploit": [
            "exploit/apple_ios/ssh/cydia_default_ssh",
            "exploit/linux/ssh/ceragon_fibeair_known_privkey",
            "exploit/linux/ssh/exagrid_known_privkey",
            "exploit/linux/ssh/f5_bigip_known_privkey",
            "exploit/windows/ssh/freesshd_authbypass",
            "exploit/linux/ssh/loadbalancerorg_enterprise_known_privkey",
            "exploit/linux/ssh/mercurial_ssh_exec",
            "exploit/linux/ssh/quantum_dxi_known_privkey",
            "exploit/linux/ssh/solarwinds_lem_exec",
            "exploit/linux/http/sourcegraph_gitserver_sshcmd",
            "exploit/linux/ssh/symantec_smg_ssh",
            "exploit/unix/ssh/tectia_passwd_changereq",
            "exploit/linux/ssh/vmware_vdp_known_privkey"
        ]
    },
    "23": {
        "prod_name": "telnet",
        "version": 0.0,
        "protocol": "tcp",
        "target_path": "",
        "exploit": [
            "exploit/freebsd/telnet/telnet_encrypt_keyid",
            "exploit/linux/telnet/telnet_encrypt_keyid",
            "exploit/linux/telnet/netgear_telnetenable",
            "exploit/freebsd/ftp/proftp_telnet_iac",
            "exploit/linux/ftp/proftp_telnet_iac",
            "exploit/solaris/telnet/ttyprompt",
            "exploit/solaris/telnet/fuser",
            "exploit/linux/http/tp_link_sc2020n_authenticated_telnet_injection"
        ]
    },
    "25": {
        "prod_name": "postfix",
        "version": 0.0,
        "protocol": "tcp",
        "target_path": "",
        "exploit": [
            "exploit/linux/misc/gld_postfix",
            "exploit/linux/local/zimbra_postfix_priv_esc"
        ]
    },
    "80": {
        "prod_name": "apache",
        "version": 2.28,
        "protocol": "tcp",
        "target_path": "",
        "exploit": [
            "exploit/multi/http/apache_normalize_path_rce",
            "exploit/windows/http/apache_activemq_traversal_upload",
            "exploit/linux/http/apache_continuum_cmd_exec",
            "exploit/linux/http/apache_couchdb_cmd_exec",
            "exploit/multi/http/apache_couchdb_erlang_rce",
            "exploit/linux/http/apache_druid_js_rce",
            "exploit/multi/http/apache_flink_jar_upload_exec",
            "exploit/windows/http/apache_mod_rewrite_ldap",
            "exploit/multi/http/apache_nifi_processor_rce",
            "exploit/linux/http/apache_ofbiz_deserialization_soap",
            "exploit/linux/http/apache_ofbiz_deserialization",
            "exploit/multi/misc/openoffice_document_macro",
            "exploit/multi/http/apache_roller_ognl_injection",
            "exploit/multi/http/shiro_rememberme_v124_deserialize",
            "exploit/multi/http/solr_velocity_rce",
            "exploit/linux/http/spark_unauth_rce",
            "exploit/linux/http/apache_spark_rce_cve_2022_33891",
            "exploit/linux/misc/nimbus_gettopologyhistory_cmd_exec",
            "exploit/multi/http/struts_default_action_mapper",
            "exploit/multi/http/struts_dev_mode",
            "exploit/multi/http/struts2_multi_eval_ognl",
            "exploit/multi/http/struts2_namespace_ognl",
            "exploit/multi/http/struts2_rest_xstream",
            "exploit/multi/http/struts2_code_exec_showcase",
            "exploit/multi/http/struts_dmi_exec",
            "exploit/multi/http/struts2_content_type_ognl",
            "exploit/multi/http/struts_code_exec_parameters",
            "exploit/multi/http/struts_dmi_rest_exec",
            "exploit/multi/http/struts_code_exec_exception_delegator",
            "exploit/multi/http/struts_code_exec",
            "exploit/multi/http/struts_include_params",
            "exploit/windows/http/apache_tika_jp2_jscript",
            "exploit/windows/http/tomcat_cgi_cmdlineargs",
            "exploit/multi/http/tomcat_mgr_deploy",
            "exploit/multi/http/tomcat_mgr_upload",
            "exploit/windows/http/apache_chunked",
            "exploit/multi/http/apache_mod_cgi_bash_env_exec",
            "exploit/windows/http/apache_modjk_overflow",
            "exploit/windows/http/bea_weblogic_post_bof"
        ]
    },
    "111": {
        "prod_name": "rpc",
        "version": 0.0,
        "protocol": "tcp",
        "target_path": "",
        "exploit": [
            "exploit/aix/rpc_cmsd_opcode21",
            "exploit/windows/scada/advantech_webaccess_webvrpcs_bof",
            "exploit/linux/http/apache_ofbiz_deserialization",
            "exploit/windows/http/ca_arcserve_rpc_authbypass",
            "exploit/windows/local/druva_insync_insynccphwnet64_rcp_type_5_priv_esc",
            "exploit/windows/dcerpc/ms03_026_dcom",
            "exploit/windows/dcerpc/ms07_029_msdns_zonename",
            "exploit/multi/misc/msf_rpc_console",
            "exploit/netware/sunrpc/pkernel_callit",
            "exploit/windows/smb/netidentity_xtierrpcpipe",
            "exploit/unix/webapp/openmediavault_rpc_rce",
            "exploit/unix/webapp/php_xmlrpc_eval",
            "exploit/multi/ids/snort_dce_rpc",
            "exploit/unix/sonicwall/sonicwall_xmlrpc_rce",
            "exploit/linux/http/supervisor_xmlrpc_exec",
            "exploit/windows/antivirus/symantec_workspace_streaming_exec",
            "exploit/multi/misc/teamcity_agent_xmlrpc_exec",
            "exploit/aix/rpc_ttdbserverd_realpath",
            "exploit/windows/local/ms16_075_reflection_juicy",
            "exploit/windows/http/zoho_password_manager_pro_xml_rpc_rce"
        ]
    },
    "139": {
        "prod_name": "samba",
        "version": 4.0,
        "protocol": "tcp",
        "target_path": "",
        "exploit": [
            "exploit/multi/samba/usermap_script",
            "exploit/linux/samba/chain_reply",
            "exploit/linux/samba/is_known_pipename",
            "exploit/linux/samba/lsa_transnames_heap",
            "exploit/freebsd/samba/trans2open",
            "exploit/linux/samba/trans2open",
            "exploit/osx/samba/trans2open",
            "exploit/solaris/samba/trans2open"
        ]
    },
    "445": {
        "prod_name": "samba",
        "version": 4.0,
        "protocol": "tcp",
        "target_path": "",
        "exploit": [
            "exploit/multi/samba/usermap_script",
            "exploit/linux/samba/chain_reply",
            "exploit/linux/samba/is_known_pipename",
            "exploit/linux/samba/lsa_transnames_heap",
            "exploit/freebsd/samba/trans2open",
            "exploit/linux/samba/trans2open",
            "exploit/osx/samba/trans2open",
            "exploit/solaris/samba/trans2open"
        ]
    },
    "512": {
        "prod_name": "unknown",
        "version": 0.0,
        "protocol": "tcp",
        "target_path": "",
        "exploit": []
    },
    "513": {
        "prod_name": "unknown",
        "version": 0.0,
        "protocol": "tcp",
        "target_path": "",
        "exploit": []
    },
    "514": {
        "prod_name": "unknown",
        "version": 0.0,
        "protocol": "tcp",
        "target_path": "",
        "exploit": []
    },
    "1099": {
        "prod_name": "unknown",
        "version": 0.0,
        "protocol": "tcp",
        "target_path": "",
        "exploit": []
    },
    "1524": {
        "prod_name": "unknown",
        "version": 0.0,
        "protocol": "tcp",
        "target_path": "",
        "exploit": []
    },
    "2121": {
        "prod_name": "proftpd",
        "version": 1.31,
        "protocol": "tcp",
        "target_path": "",
        "exploit": [
            "exploit/linux/ftp/proftp_sreplace",
            "exploit/freebsd/ftp/proftp_telnet_iac",
            "exploit/linux/ftp/proftp_telnet_iac",
            "exploit/unix/ftp/proftpd_modcopy_exec",
            "exploit/unix/ftp/proftpd_133c_backdoor"
        ]
    },
    "3306": {
        "prod_name": "mysql",
        "version": 5.051,
        "protocol": "tcp",
        "target_path": "",
        "exploit": [
            "exploit/linux/mysql/mysql_yassl_getname",
            "exploit/linux/mysql/mysql_yassl_hello",
            "exploit/multi/mysql/mysql_udf_payload",
            "exploit/windows/mysql/mysql_start_up",
            "exploit/windows/mysql/mysql_mof",
            "exploit/windows/mysql/scrutinizer_upload_exec"
        ]
    },
    "3632": {
        "prod_name": "ubuntu",
        "version": 4.24,
        "protocol": "tcp",
        "target_path": "",
        "exploit": [
            "exploit/linux/local/cve_2021_3493_overlayfs",
            "exploit/linux/local/ntfs3g_priv_esc",
            "exploit/linux/local/ubuntu_enlightenment_mount_priv_esc"
        ]
    },
    "5432": {
        "prod_name": "postgresql",
        "version": 8.37,
        "protocol": "tcp",
        "target_path": "",
        "exploit": [
            "exploit/multi/postgres/postgres_copy_from_program_cmd_exec",
            "exploit/multi/postgres/postgres_createlang",
            "exploit/linux/postgres/postgres_payload",
            "exploit/windows/postgres/postgres_payload"
        ]
    },
    "6200": {
        "prod_name": "unknown",
        "version": 0.0,
        "protocol": "tcp",
        "target_path": "",
        "exploit": []
    },
    "6667": {
        "prod_name": "irc",
        "version": 0.0,
        "protocol": "tcp",
        "target_path": "",
        "exploit": [
            "exploit/multi/misc/legend_bot_exec",
            "exploit/multi/misc/pbot_exec",
            "exploit/unix/irc/unreal_ircd_3281_backdoor",
            "exploit/multi/misc/xdh_x_exec",
            "exploit/multi/misc/w3tw0rk_exec"
        ]
    },
    "6697": {
        "prod_name": "irc",
        "version": 0.0,
        "protocol": "tcp",
        "target_path": "",
        "exploit": [
            "exploit/multi/misc/legend_bot_exec",
            "exploit/multi/misc/pbot_exec",
            "exploit/unix/irc/unreal_ircd_3281_backdoor",
            "exploit/multi/misc/xdh_x_exec",
            "exploit/multi/misc/w3tw0rk_exec"
        ]
    },
    "8787": {
        "prod_name": "unknown",
        "version": 1.8,
        "protocol": "tcp",
        "target_path": "",
        "exploit": []
    },
    "35349": {
        "prod_name": "unknown",
        "version": 0.0,
        "protocol": "tcp",
        "target_path": "",
        "exploit": []
    },
    "36845": {
        "prod_name": "unknown",
        "version": 0.0,
        "protocol": "tcp",
        "target_path": "",
        "exploit": []
    },
    "43471": {
        "prod_name": "unknown",
        "version": 0.0,
        "protocol": "tcp",
        "target_path": "",
        "exploit": []
    },
    "80:0": {
        "prod_name": "tikiwiki",
        "version": 0.0,
        "protocol": "tcp",
        "target_path": "/tikiwiki/",
        "exploit": [
            "exploit/unix/webapp/tikiwiki_jhot_exec",
            "exploit/unix/webapp/tikiwiki_graph_formula_exec"
        ]
    },
    "80:1": {
        "prod_name": "php",
        "version": 0.0,
        "protocol": "tcp",
        "target_path": "/phpMyAdmin/",
        "exploit": [
            "exploit/multi/http/activecollab_chat",
            "exploit/multi/http/ajaxplorer_checkinstall_exec",
            "exploit/unix/webapp/basilic_diff_exec",
            "exploit/unix/webapp/cacti_graphimage_exec",
            "exploit/unix/webapp/cakephp_cache_corruption",
            "exploit/unix/webapp/carberp_backdoor_exec",
            "exploit/multi/http/caidao_php_backdoor_exec",
            "exploit/unix/webapp/coppermine_piceditor",
            "exploit/linux/http/dlink_diagnostic_exec_noauth",
            "exploit/unix/webapp/datalife_preview_exec",
            "exploit/unix/webapp/dogfood_spell_exec",
            "exploit/unix/webapp/drupal_restws_exec",
            "exploit/unix/webapp/egallery_upload_exec",
            "exploit/multi/http/familycms_less_exec",
            "exploit/multi/http/freenas_exec_raw",
            "exploit/unix/webapp/freepbx_config_exec",
            "exploit/unix/webapp/fusionpbx_exec_cmd_exec",
            "exploit/unix/webapp/fusionpbx_operator_panel_exec_cmd_exec",
            "exploit/linux/http/glpi_htmlawed_php_injection",
            "exploit/unix/webapp/get_simple_cms_upload_exec",
            "exploit/multi/http/horde_href_backdoor",
            "exploit/multi/http/horde_csv_rce",
            "exploit/unix/webapp/horde_unserialize_exec",
            "exploit/multi/http/horizontcms_upload_exec",
            "exploit/multi/http/ibm_openadmin_tool_soap_welcomeserver_exec",
            "exploit/multi/http/ispconfig_php_exec",
            "exploit/multi/http/uptime_file_upload_1",
            "exploit/multi/http/uptime_file_upload_2",
            "exploit/unix/webapp/instantcms_exec",
            "exploit/unix/webapp/invision_pboard_unserialize_exec",
            "exploit/linux/http/kaltura_unserialize_rce",
            "exploit/linux/http/kaltura_unserialize_cookie_rce",
            "exploit/linux/http/klog_server_authenticate_user_unauth_command_injection",
            "exploit/multi/http/log1cms_ajax_create_folder",
            "exploit/multi/http/mantisbt_manage_proj_page_rce",
            "exploit/multi/http/mantisbt_php_exec",
            "exploit/multi/http/maracms_upload_exec",
            "exploit/multi/http/mediawiki_thumb",
            "exploit/linux/http/mida_solutions_eframework_ajaxreq_rce",
            "exploit/multi/http/nuuo_nvrmini_upgrade_rce",
            "exploit/linux/http/nagios_xi_mibs_authenticated_rce",
            "exploit/linux/http/nagios_xi_magpie_debug",
            "exploit/linux/http/netsweeper_webadmin_unixlogin",
            "exploit/multi/http/eaton_nsm_code_exec",
            "exploit/windows/http/novell_mdm_lfi",
            "exploit/multi/http/op5_license",
            "exploit/unix/webapp/openemr_upload_exec",
            "exploit/unix/webapp/openmediavault_rpc_rce",
            "exploit/unix/webapp/opensis_modname_exec",
            "exploit/multi/http/openx_backdoor_php",
            "exploit/unix/webapp/openx_banner_edit",
            "exploit/multi/http/php_cgi_arg_injection",
            "exploit/multi/misc/pbot_exec",
            "exploit/unix/http/laravel_token_unserialize_exec",
            "exploit/multi/http/php_utility_belt_rce",
            "exploit/multi/http/php_volunteer_upload_exec",
            "exploit/unix/webapp/php_xmlrpc_eval",
            "exploit/unix/webapp/php_charts_exec",
            "exploit/multi/http/phpmoadmin_exec",
            "exploit/multi/http/phpstudy_backdoor_rce",
            "exploit/unix/webapp/phpmyadmin_config",
            "exploit/multi/http/phptax_exec",
            "exploit/multi/http/phpwiki_ploticus_exec",
            "exploit/linux/http/pineapp_ldapsyncnow_exec",
            "exploit/linux/http/pineapp_test_li_conn_exec",
            "exploit/multi/http/playsms_uploadcsv_exec",
            "exploit/multi/http/playsms_template_injection",
            "exploit/multi/http/playsms_filename_exec",
            "exploit/multi/http/pmwiki_pagelist",
            "exploit/multi/http/polarcms_upload_exec",
            "exploit/multi/http/processmaker_exec",
            "exploit/multi/misc/ra1nx_pubcall_exec",
            "exploit/linux/http/piranha_passwd_exec",
            "exploit/unix/webapp/spip_connect_exec",
            "exploit/multi/http/stunshell_eval",
            "exploit/multi/http/shopware_createinstancefromnamedarguments_rce",
            "exploit/unix/webapp/sphpblog_file_upload",
            "exploit/multi/http/snortreport_exec",
            "exploit/unix/webapp/sugarcrm_rest_unserialize_exec",
            "exploit/unix/webapp/sugarcrm_unserialize_exec",
            "exploit/linux/http/symantec_web_gateway_restore",
            "exploit/linux/http/symantec_web_gateway_pbcontrol",
            "exploit/linux/http/symantec_web_gateway_file_upload",
            "exploit/linux/http/symantec_web_gateway_exec",
            "exploit/multi/http/mma_backdoor_upload",
            "exploit/unix/webapp/thinkphp_rce",
            "exploit/unix/webapp/tikiwiki_unserialize_exec",
            "exploit/unix/webapp/tikiwiki_graph_formula_exec",
            "exploit/multi/http/traq_plugin_exec",
            "exploit/unix/webapp/trixbox_ce_endpoint_devicemap_rce",
            "exploit/unix/webapp/tuleap_rest_unserialize_exec",
            "exploit/unix/webapp/tuleap_unserialize_exec",
            "exploit/linux/http/unraid_auth_bypass_exec",
            "exploit/linux/http/vcms_upload",
            "exploit/linux/http/webid_converter",
            "exploit/multi/http/webpagetest_upload_exec",
            "exploit/multi/http/wikka_spam_exec",
            "exploit/unix/webapp/wp_asset_manager_upload_exec",
            "exploit/unix/webapp/wp_pixabay_images_upload",
            "exploit/unix/webapp/wp_foxypress_upload",
            "exploit/unix/webapp/wp_total_cache_exec",
            "exploit/unix/webapp/wp_property_upload_exec",
            "exploit/unix/webapp/wp_ajax_load_more_file_upload",
            "exploit/unix/webapp/wp_inboundio_marketing_file_upload",
            "exploit/multi/http/x7chat2_php_exec",
            "exploit/windows/http/xampp_webdav_upload_php",
            "exploit/unix/webapp/xoda_file_upload",
            "exploit/multi/http/apprain_upload_exec",
            "exploit/unix/webapp/elfinder_php_connector_exiftran_cmd_injection",
            "exploit/unix/webapp/opensis_chain_exec",
            "exploit/unix/webapp/oscommerce_filemanager",
            "exploit/linux/http/php_imap_open_rce",
            "exploit/unix/webapp/phpbb_highlight",
            "exploit/unix/webapp/phpcollab_upload_exec",
            "exploit/multi/http/phpfilemanager_rce",
            "exploit/multi/http/phpldapadmin_query_engine",
            "exploit/multi/http/phpmyadmin_null_termination_exec",
            "exploit/multi/http/phpmyadmin_lfi_rce",
            "exploit/multi/http/phpmyadmin_preg_replace",
            "exploit/multi/http/phpscheduleit_start_date",
            "exploit/multi/http/qdpm_authenticated_rce",
            "exploit/multi/http/qdpm_upload_exec",
            "exploit/multi/http/vbseo_proc_deutf",
            "exploit/multi/http/vbulletin_widget_template_rce",
            "exploit/unix/webapp/vbulletin_vote_sqli_exec",
            "exploit/unix/webapp/php_vbulletin_template"
        ]
    },
    "80:2": {
        "prod_name": "mediawiki",
        "version": 0.0,
        "protocol": "tcp",
        "target_path": "/index.php?Special:UserLogin/",
        "exploit": [
            "exploit/multi/http/mediawiki_syntaxhighlight",
            "exploit/multi/http/mediawiki_thumb"
        ]
    },
    "80:3": {
        "prod_name": "php",
        "version": 0.0,
        "protocol": "tcp",
        "target_path": "/phpinfo.php/",
        "exploit": [
            "exploit/multi/http/activecollab_chat",
            "exploit/multi/http/ajaxplorer_checkinstall_exec",
            "exploit/unix/webapp/basilic_diff_exec",
            "exploit/unix/webapp/cacti_graphimage_exec",
            "exploit/unix/webapp/cakephp_cache_corruption",
            "exploit/unix/webapp/carberp_backdoor_exec",
            "exploit/multi/http/caidao_php_backdoor_exec",
            "exploit/unix/webapp/coppermine_piceditor",
            "exploit/linux/http/dlink_diagnostic_exec_noauth",
            "exploit/unix/webapp/datalife_preview_exec",
            "exploit/unix/webapp/dogfood_spell_exec",
            "exploit/unix/webapp/drupal_restws_exec",
            "exploit/unix/webapp/egallery_upload_exec",
            "exploit/multi/http/familycms_less_exec",
            "exploit/multi/http/freenas_exec_raw",
            "exploit/unix/webapp/freepbx_config_exec",
            "exploit/unix/webapp/fusionpbx_exec_cmd_exec",
            "exploit/unix/webapp/fusionpbx_operator_panel_exec_cmd_exec",
            "exploit/linux/http/glpi_htmlawed_php_injection",
            "exploit/unix/webapp/get_simple_cms_upload_exec",
            "exploit/multi/http/horde_href_backdoor",
            "exploit/multi/http/horde_csv_rce",
            "exploit/unix/webapp/horde_unserialize_exec",
            "exploit/multi/http/horizontcms_upload_exec",
            "exploit/multi/http/ibm_openadmin_tool_soap_welcomeserver_exec",
            "exploit/multi/http/ispconfig_php_exec",
            "exploit/multi/http/uptime_file_upload_1",
            "exploit/multi/http/uptime_file_upload_2",
            "exploit/unix/webapp/instantcms_exec",
            "exploit/unix/webapp/invision_pboard_unserialize_exec",
            "exploit/linux/http/kaltura_unserialize_rce",
            "exploit/linux/http/kaltura_unserialize_cookie_rce",
            "exploit/linux/http/klog_server_authenticate_user_unauth_command_injection",
            "exploit/multi/http/log1cms_ajax_create_folder",
            "exploit/multi/http/mantisbt_manage_proj_page_rce",
            "exploit/multi/http/mantisbt_php_exec",
            "exploit/multi/http/maracms_upload_exec",
            "exploit/multi/http/mediawiki_thumb",
            "exploit/linux/http/mida_solutions_eframework_ajaxreq_rce",
            "exploit/multi/http/nuuo_nvrmini_upgrade_rce",
            "exploit/linux/http/nagios_xi_mibs_authenticated_rce",
            "exploit/linux/http/nagios_xi_magpie_debug",
            "exploit/linux/http/netsweeper_webadmin_unixlogin",
            "exploit/multi/http/eaton_nsm_code_exec",
            "exploit/windows/http/novell_mdm_lfi",
            "exploit/multi/http/op5_license",
            "exploit/unix/webapp/openemr_upload_exec",
            "exploit/unix/webapp/openmediavault_rpc_rce",
            "exploit/unix/webapp/opensis_modname_exec",
            "exploit/multi/http/openx_backdoor_php",
            "exploit/unix/webapp/openx_banner_edit",
            "exploit/multi/http/php_cgi_arg_injection",
            "exploit/multi/misc/pbot_exec",
            "exploit/unix/http/laravel_token_unserialize_exec",
            "exploit/multi/http/php_utility_belt_rce",
            "exploit/multi/http/php_volunteer_upload_exec",
            "exploit/unix/webapp/php_xmlrpc_eval",
            "exploit/unix/webapp/php_charts_exec",
            "exploit/multi/http/phpmoadmin_exec",
            "exploit/multi/http/phpstudy_backdoor_rce",
            "exploit/unix/webapp/phpmyadmin_config",
            "exploit/multi/http/phptax_exec",
            "exploit/multi/http/phpwiki_ploticus_exec",
            "exploit/linux/http/pineapp_ldapsyncnow_exec",
            "exploit/linux/http/pineapp_test_li_conn_exec",
            "exploit/multi/http/playsms_uploadcsv_exec",
            "exploit/multi/http/playsms_template_injection",
            "exploit/multi/http/playsms_filename_exec",
            "exploit/multi/http/pmwiki_pagelist",
            "exploit/multi/http/polarcms_upload_exec",
            "exploit/multi/http/processmaker_exec",
            "exploit/multi/misc/ra1nx_pubcall_exec",
            "exploit/linux/http/piranha_passwd_exec",
            "exploit/unix/webapp/spip_connect_exec",
            "exploit/multi/http/stunshell_eval",
            "exploit/multi/http/shopware_createinstancefromnamedarguments_rce",
            "exploit/unix/webapp/sphpblog_file_upload",
            "exploit/multi/http/snortreport_exec",
            "exploit/unix/webapp/sugarcrm_rest_unserialize_exec",
            "exploit/unix/webapp/sugarcrm_unserialize_exec",
            "exploit/linux/http/symantec_web_gateway_restore",
            "exploit/linux/http/symantec_web_gateway_pbcontrol",
            "exploit/linux/http/symantec_web_gateway_file_upload",
            "exploit/linux/http/symantec_web_gateway_exec",
            "exploit/multi/http/mma_backdoor_upload",
            "exploit/unix/webapp/thinkphp_rce",
            "exploit/unix/webapp/tikiwiki_unserialize_exec",
            "exploit/unix/webapp/tikiwiki_graph_formula_exec",
            "exploit/multi/http/traq_plugin_exec",
            "exploit/unix/webapp/trixbox_ce_endpoint_devicemap_rce",
            "exploit/unix/webapp/tuleap_rest_unserialize_exec",
            "exploit/unix/webapp/tuleap_unserialize_exec",
            "exploit/linux/http/unraid_auth_bypass_exec",
            "exploit/linux/http/vcms_upload",
            "exploit/linux/http/webid_converter",
            "exploit/multi/http/webpagetest_upload_exec",
            "exploit/multi/http/wikka_spam_exec",
            "exploit/unix/webapp/wp_asset_manager_upload_exec",
            "exploit/unix/webapp/wp_pixabay_images_upload",
            "exploit/unix/webapp/wp_foxypress_upload",
            "exploit/unix/webapp/wp_total_cache_exec",
            "exploit/unix/webapp/wp_property_upload_exec",
            "exploit/unix/webapp/wp_ajax_load_more_file_upload",
            "exploit/unix/webapp/wp_inboundio_marketing_file_upload",
            "exploit/multi/http/x7chat2_php_exec",
            "exploit/windows/http/xampp_webdav_upload_php",
            "exploit/unix/webapp/xoda_file_upload",
            "exploit/multi/http/apprain_upload_exec",
            "exploit/unix/webapp/elfinder_php_connector_exiftran_cmd_injection",
            "exploit/unix/webapp/opensis_chain_exec",
            "exploit/unix/webapp/oscommerce_filemanager",
            "exploit/linux/http/php_imap_open_rce",
            "exploit/unix/webapp/phpbb_highlight",
            "exploit/unix/webapp/phpcollab_upload_exec",
            "exploit/multi/http/phpfilemanager_rce",
            "exploit/multi/http/phpldapadmin_query_engine",
            "exploit/multi/http/phpmyadmin_null_termination_exec",
            "exploit/multi/http/phpmyadmin_lfi_rce",
            "exploit/multi/http/phpmyadmin_preg_replace",
            "exploit/multi/http/phpscheduleit_start_date",
            "exploit/multi/http/qdpm_authenticated_rce",
            "exploit/multi/http/qdpm_upload_exec",
            "exploit/multi/http/vbseo_proc_deutf",
            "exploit/multi/http/vbulletin_widget_template_rce",
            "exploit/unix/webapp/vbulletin_vote_sqli_exec",
            "exploit/unix/webapp/php_vbulletin_template"
        ]
    },
    "80:4": {
        "prod_name": "apache",
        "version": 0.0,
        "protocol": "tcp",
        "target_path": "/icons/README/",
        "exploit": [
            "exploit/multi/http/apache_normalize_path_rce",
            "exploit/windows/http/apache_activemq_traversal_upload",
            "exploit/linux/http/apache_continuum_cmd_exec",
            "exploit/linux/http/apache_couchdb_cmd_exec",
            "exploit/multi/http/apache_couchdb_erlang_rce",
            "exploit/linux/http/apache_druid_js_rce",
            "exploit/multi/http/apache_flink_jar_upload_exec",
            "exploit/windows/http/apache_mod_rewrite_ldap",
            "exploit/multi/http/apache_nifi_processor_rce",
            "exploit/linux/http/apache_ofbiz_deserialization_soap",
            "exploit/linux/http/apache_ofbiz_deserialization",
            "exploit/multi/misc/openoffice_document_macro",
            "exploit/multi/http/apache_roller_ognl_injection",
            "exploit/multi/http/shiro_rememberme_v124_deserialize",
            "exploit/multi/http/solr_velocity_rce",
            "exploit/linux/http/spark_unauth_rce",
            "exploit/linux/http/apache_spark_rce_cve_2022_33891",
            "exploit/linux/misc/nimbus_gettopologyhistory_cmd_exec",
            "exploit/multi/http/struts_default_action_mapper",
            "exploit/multi/http/struts_dev_mode",
            "exploit/multi/http/struts2_multi_eval_ognl",
            "exploit/multi/http/struts2_namespace_ognl",
            "exploit/multi/http/struts2_rest_xstream",
            "exploit/multi/http/struts2_code_exec_showcase",
            "exploit/multi/http/struts_dmi_exec",
            "exploit/multi/http/struts2_content_type_ognl",
            "exploit/multi/http/struts_code_exec_parameters",
            "exploit/multi/http/struts_dmi_rest_exec",
            "exploit/multi/http/struts_code_exec_exception_delegator",
            "exploit/multi/http/struts_code_exec",
            "exploit/multi/http/struts_include_params",
            "exploit/windows/http/apache_tika_jp2_jscript",
            "exploit/windows/http/tomcat_cgi_cmdlineargs",
            "exploit/multi/http/tomcat_mgr_deploy",
            "exploit/multi/http/tomcat_mgr_upload",
            "exploit/windows/http/apache_chunked",
            "exploit/multi/http/apache_mod_cgi_bash_env_exec",
            "exploit/windows/http/apache_modjk_overflow",
            "exploit/windows/http/bea_weblogic_post_bof"
        ]
    },
    "80:5": {
        "prod_name": "apache",
        "version": 2.28,
        "protocol": "tcp",
        "target_path": "/",
        "exploit": [
            "exploit/multi/http/apache_normalize_path_rce",
            "exploit/windows/http/apache_activemq_traversal_upload",
            "exploit/linux/http/apache_continuum_cmd_exec",
            "exploit/linux/http/apache_couchdb_cmd_exec",
            "exploit/multi/http/apache_couchdb_erlang_rce",
            "exploit/linux/http/apache_druid_js_rce",
            "exploit/multi/http/apache_flink_jar_upload_exec",
            "exploit/windows/http/apache_mod_rewrite_ldap",
            "exploit/multi/http/apache_nifi_processor_rce",
            "exploit/linux/http/apache_ofbiz_deserialization_soap",
            "exploit/linux/http/apache_ofbiz_deserialization",
            "exploit/multi/misc/openoffice_document_macro",
            "exploit/multi/http/apache_roller_ognl_injection",
            "exploit/multi/http/shiro_rememberme_v124_deserialize",
            "exploit/multi/http/solr_velocity_rce",
            "exploit/linux/http/spark_unauth_rce",
            "exploit/linux/http/apache_spark_rce_cve_2022_33891",
            "exploit/linux/misc/nimbus_gettopologyhistory_cmd_exec",
            "exploit/multi/http/struts_default_action_mapper",
            "exploit/multi/http/struts_dev_mode",
            "exploit/multi/http/struts2_multi_eval_ognl",
            "exploit/multi/http/struts2_namespace_ognl",
            "exploit/multi/http/struts2_rest_xstream",
            "exploit/multi/http/struts2_code_exec_showcase",
            "exploit/multi/http/struts_dmi_exec",
            "exploit/multi/http/struts2_content_type_ognl",
            "exploit/multi/http/struts_code_exec_parameters",
            "exploit/multi/http/struts_dmi_rest_exec",
            "exploit/multi/http/struts_code_exec_exception_delegator",
            "exploit/multi/http/struts_code_exec",
            "exploit/multi/http/struts_include_params",
            "exploit/windows/http/apache_tika_jp2_jscript",
            "exploit/windows/http/tomcat_cgi_cmdlineargs",
            "exploit/multi/http/tomcat_mgr_deploy",
            "exploit/multi/http/tomcat_mgr_upload",
            "exploit/windows/http/apache_chunked",
            "exploit/multi/http/apache_mod_cgi_bash_env_exec",
            "exploit/windows/http/apache_modjk_overflow",
            "exploit/windows/http/bea_weblogic_post_bof"
        ]
    },
    "80:6": {
        "prod_name": "php",
        "version": 5.24,
        "protocol": "tcp",
        "target_path": "/",
        "exploit": [
            "exploit/multi/http/activecollab_chat",
            "exploit/multi/http/ajaxplorer_checkinstall_exec",
            "exploit/unix/webapp/basilic_diff_exec",
            "exploit/unix/webapp/cacti_graphimage_exec",
            "exploit/unix/webapp/cakephp_cache_corruption",
            "exploit/unix/webapp/carberp_backdoor_exec",
            "exploit/multi/http/caidao_php_backdoor_exec",
            "exploit/unix/webapp/coppermine_piceditor",
            "exploit/linux/http/dlink_diagnostic_exec_noauth",
            "exploit/unix/webapp/datalife_preview_exec",
            "exploit/unix/webapp/dogfood_spell_exec",
            "exploit/unix/webapp/drupal_restws_exec",
            "exploit/unix/webapp/egallery_upload_exec",
            "exploit/multi/http/familycms_less_exec",
            "exploit/multi/http/freenas_exec_raw",
            "exploit/unix/webapp/freepbx_config_exec",
            "exploit/unix/webapp/fusionpbx_exec_cmd_exec",
            "exploit/unix/webapp/fusionpbx_operator_panel_exec_cmd_exec",
            "exploit/linux/http/glpi_htmlawed_php_injection",
            "exploit/unix/webapp/get_simple_cms_upload_exec",
            "exploit/multi/http/horde_href_backdoor",
            "exploit/multi/http/horde_csv_rce",
            "exploit/unix/webapp/horde_unserialize_exec",
            "exploit/multi/http/horizontcms_upload_exec",
            "exploit/multi/http/ibm_openadmin_tool_soap_welcomeserver_exec",
            "exploit/multi/http/ispconfig_php_exec",
            "exploit/multi/http/uptime_file_upload_1",
            "exploit/multi/http/uptime_file_upload_2",
            "exploit/unix/webapp/instantcms_exec",
            "exploit/unix/webapp/invision_pboard_unserialize_exec",
            "exploit/linux/http/kaltura_unserialize_rce",
            "exploit/linux/http/kaltura_unserialize_cookie_rce",
            "exploit/linux/http/klog_server_authenticate_user_unauth_command_injection",
            "exploit/multi/http/log1cms_ajax_create_folder",
            "exploit/multi/http/mantisbt_manage_proj_page_rce",
            "exploit/multi/http/mantisbt_php_exec",
            "exploit/multi/http/maracms_upload_exec",
            "exploit/multi/http/mediawiki_thumb",
            "exploit/linux/http/mida_solutions_eframework_ajaxreq_rce",
            "exploit/multi/http/nuuo_nvrmini_upgrade_rce",
            "exploit/linux/http/nagios_xi_mibs_authenticated_rce",
            "exploit/linux/http/nagios_xi_magpie_debug",
            "exploit/linux/http/netsweeper_webadmin_unixlogin",
            "exploit/multi/http/eaton_nsm_code_exec",
            "exploit/windows/http/novell_mdm_lfi",
            "exploit/multi/http/op5_license",
            "exploit/unix/webapp/openemr_upload_exec",
            "exploit/unix/webapp/openmediavault_rpc_rce",
            "exploit/unix/webapp/opensis_modname_exec",
            "exploit/multi/http/openx_backdoor_php",
            "exploit/unix/webapp/openx_banner_edit",
            "exploit/multi/http/php_cgi_arg_injection",
            "exploit/multi/misc/pbot_exec",
            "exploit/unix/http/laravel_token_unserialize_exec",
            "exploit/multi/http/php_utility_belt_rce",
            "exploit/multi/http/php_volunteer_upload_exec",
            "exploit/unix/webapp/php_xmlrpc_eval",
            "exploit/unix/webapp/php_charts_exec",
            "exploit/multi/http/phpmoadmin_exec",
            "exploit/multi/http/phpstudy_backdoor_rce",
            "exploit/unix/webapp/phpmyadmin_config",
            "exploit/multi/http/phptax_exec",
            "exploit/multi/http/phpwiki_ploticus_exec",
            "exploit/linux/http/pineapp_ldapsyncnow_exec",
            "exploit/linux/http/pineapp_test_li_conn_exec",
            "exploit/multi/http/playsms_uploadcsv_exec",
            "exploit/multi/http/playsms_template_injection",
            "exploit/multi/http/playsms_filename_exec",
            "exploit/multi/http/pmwiki_pagelist",
            "exploit/multi/http/polarcms_upload_exec",
            "exploit/multi/http/processmaker_exec",
            "exploit/multi/misc/ra1nx_pubcall_exec",
            "exploit/linux/http/piranha_passwd_exec",
            "exploit/unix/webapp/spip_connect_exec",
            "exploit/multi/http/stunshell_eval",
            "exploit/multi/http/shopware_createinstancefromnamedarguments_rce",
            "exploit/unix/webapp/sphpblog_file_upload",
            "exploit/multi/http/snortreport_exec",
            "exploit/unix/webapp/sugarcrm_rest_unserialize_exec",
            "exploit/unix/webapp/sugarcrm_unserialize_exec",
            "exploit/linux/http/symantec_web_gateway_restore",
            "exploit/linux/http/symantec_web_gateway_pbcontrol",
            "exploit/linux/http/symantec_web_gateway_file_upload",
            "exploit/linux/http/symantec_web_gateway_exec",
            "exploit/multi/http/mma_backdoor_upload",
            "exploit/unix/webapp/thinkphp_rce",
            "exploit/unix/webapp/tikiwiki_unserialize_exec",
            "exploit/unix/webapp/tikiwiki_graph_formula_exec",
            "exploit/multi/http/traq_plugin_exec",
            "exploit/unix/webapp/trixbox_ce_endpoint_devicemap_rce",
            "exploit/unix/webapp/tuleap_rest_unserialize_exec",
            "exploit/unix/webapp/tuleap_unserialize_exec",
            "exploit/linux/http/unraid_auth_bypass_exec",
            "exploit/linux/http/vcms_upload",
            "exploit/linux/http/webid_converter",
            "exploit/multi/http/webpagetest_upload_exec",
            "exploit/multi/http/wikka_spam_exec",
            "exploit/unix/webapp/wp_asset_manager_upload_exec",
            "exploit/unix/webapp/wp_pixabay_images_upload",
            "exploit/unix/webapp/wp_foxypress_upload",
            "exploit/unix/webapp/wp_total_cache_exec",
            "exploit/unix/webapp/wp_property_upload_exec",
            "exploit/unix/webapp/wp_ajax_load_more_file_upload",
            "exploit/unix/webapp/wp_inboundio_marketing_file_upload",
            "exploit/multi/http/x7chat2_php_exec",
            "exploit/windows/http/xampp_webdav_upload_php",
            "exploit/unix/webapp/xoda_file_upload",
            "exploit/multi/http/apprain_upload_exec",
            "exploit/unix/webapp/elfinder_php_connector_exiftran_cmd_injection",
            "exploit/unix/webapp/opensis_chain_exec",
            "exploit/unix/webapp/oscommerce_filemanager",
            "exploit/linux/http/php_imap_open_rce",
            "exploit/unix/webapp/phpbb_highlight",
            "exploit/unix/webapp/phpcollab_upload_exec",
            "exploit/multi/http/phpfilemanager_rce",
            "exploit/multi/http/phpldapadmin_query_engine",
            "exploit/multi/http/phpmyadmin_null_termination_exec",
            "exploit/multi/http/phpmyadmin_lfi_rce",
            "exploit/multi/http/phpmyadmin_preg_replace",
            "exploit/multi/http/phpscheduleit_start_date",
            "exploit/multi/http/qdpm_authenticated_rce",
            "exploit/multi/http/qdpm_upload_exec",
            "exploit/multi/http/vbseo_proc_deutf",
            "exploit/multi/http/vbulletin_widget_template_rce",
            "exploit/unix/webapp/vbulletin_vote_sqli_exec",
            "exploit/unix/webapp/php_vbulletin_template"
        ]
    },
    "80:7": {
        "prod_name": "ubuntu",
        "version": 0.0,
        "protocol": "tcp",
        "target_path": "/",
        "exploit": [
            "exploit/linux/local/cve_2021_3493_overlayfs",
            "exploit/linux/local/ntfs3g_priv_esc",
            "exploit/linux/local/ubuntu_enlightenment_mount_priv_esc"
        ]
    }
}